athlete_id,date,training_consistency,performance_trend,injury_risk,competition_readiness,overall_readiness_score,status
A0001,2024-12-31,0.85,0.77,0.25,0.89,0.81,Ready
A0002,2024-12-31,0.9,0.8,0.4,0.71,0.78,Ready
A0003,2024-12-31,0.86,0.71,0.18,0.68,0.78,Ready
A0004,2024-12-31,0.85,0.77,0.2,0.84,0.81,Ready
A0005,2024-12-31,0.84,0.74,0.23,0.77,0.79,Ready
A0006,2024-12-31,0.87,0.84,0.17,0.66,0.82,Ready
A0007,2024-12-31,0.88,0.62,0.33,0.74,0.74,Monitor
A0008,2024-12-31,0.91,0.79,0.14,0.86,0.86,Ready
A0009,2024-12-31,0.85,0.72,0.21,0.78,0.79,Ready
A0010,2024-12-31,0.87,0.65,0.18,0.65,0.76,Ready
A0011,2024-12-31,0.82,0.73,0.24,0.87,0.79,Ready
A0012,2024-12-31,0.83,0.72,0.14,0.79,0.8,Ready
A0013,2024-12-31,0.83,0.69,0.09,0.8,0.8,Ready
A0014,2024-12-31,0.86,0.7,0.3,0.73,0.76,Ready
A0015,2024-12-31,0.87,0.65,0.22,0.74,0.77,Ready
A0016,2024-12-31,0.86,0.75,0.18,0.72,0.8,Ready
A0017,2024-12-31,0.8,0.7,0.16,0.78,0.78,Ready
A0018,2024-12-31,0.9,0.79,0.23,0.87,0.84,Ready
A0019,2024-12-31,0.85,0.82,0.19,0.76,0.82,Ready
A0020,2024-12-31,0.82,0.72,0.23,0.7,0.76,Ready
A0021,2024-12-31,0.82,0.69,0.33,0.67,0.73,Monitor
A0022,2024-12-31,0.84,0.61,0.16,0.66,0.74,Monitor
A0023,2024-12-31,0.88,0.86,0.19,0.88,0.86,Ready
A0024,2024-12-31,0.87,0.65,0.12,0.67,0.78,Ready
A0025,2024-12-31,0.86,0.58,0.17,0.68,0.74,Monitor
A0026,2024-12-31,0.88,0.68,0.17,0.77,0.79,Ready
A0027,2024-12-31,0.84,0.75,0.22,0.87,0.81,Ready
A0028,2024-12-31,0.84,0.8,0.1,0.81,0.84,Ready
A0029,2024-12-31,0.86,0.71,0.3,0.79,0.77,Ready
A0030,2024-12-31,0.85,0.83,0.21,0.69,0.81,Ready
A0031,2024-12-31,0.89,0.76,0.14,0.78,0.83,Ready
A0032,2024-12-31,0.86,0.68,0.09,0.71,0.79,Ready
A0033,2024-12-31,0.88,0.77,0.33,0.72,0.78,Ready
A0034,2024-12-31,0.86,0.72,0.15,0.88,0.82,Ready
A0035,2024-12-31,0.85,0.79,0.2,0.74,0.81,Ready
A0036,2024-12-31,0.86,0.67,0.25,0.69,0.76,Ready
A0037,2024-12-31,0.85,0.61,0.32,0.66,0.72,Monitor
A0038,2024-12-31,0.86,0.75,0.16,0.81,0.82,Ready
A0039,2024-12-31,0.89,0.77,0.14,0.72,0.82,Ready
A0040,2024-12-31,0.84,0.82,0.21,0.81,0.82,Ready
A0041,2024-12-31,0.8,0.64,0.17,0.79,0.76,Ready
A0042,2024-12-31,0.84,0.72,0.15,0.7,0.78,Ready
A0043,2024-12-31,0.87,0.74,0.21,0.88,0.82,Ready
A0044,2024-12-31,0.88,0.68,0.14,0.81,0.81,Ready
A0045,2024-12-31,0.88,0.69,0.12,0.7,0.8,Ready
A0046,2024-12-31,0.85,0.75,0.32,0.77,0.77,Ready
A0047,2024-12-31,0.85,0.65,0.21,0.87,0.78,Ready
A0048,2024-12-31,0.83,0.81,0.13,0.8,0.83,Ready
A0049,2024-12-31,0.83,0.75,0.15,0.88,0.82,Ready
A0050,2024-12-31,0.87,0.66,0.25,0.68,0.75,Ready
A0051,2024-12-31,0.84,0.68,0.09,0.81,0.8,Ready
A0052,2024-12-31,0.84,0.78,0.18,0.77,0.81,Ready
A0053,2024-12-31,0.88,0.71,0.3,0.8,0.78,Ready
A0054,2024-12-31,0.87,0.75,0.19,0.71,0.8,Ready
A0055,2024-12-31,0.86,0.75,0.24,0.65,0.78,Ready
A0056,2024-12-31,0.85,0.67,0.11,0.73,0.79,Ready
A0057,2024-12-31,0.82,0.81,0.18,0.73,0.8,Ready
A0058,2024-12-31,0.9,0.76,0.21,0.65,0.8,Ready
A0059,2024-12-31,0.82,0.78,0.24,0.73,0.78,Ready
A0060,2024-12-31,0.87,0.79,0.32,0.81,0.8,Ready
A0061,2024-12-31,0.85,0.75,0.38,0.68,0.75,Ready
A0062,2024-12-31,0.92,0.79,0.28,0.75,0.82,Ready
A0063,2024-12-31,0.84,0.73,0.09,0.83,0.82,Ready
A0064,2024-12-31,0.85,0.74,0.23,0.85,0.8,Ready
A0065,2024-12-31,0.86,0.64,0.23,0.86,0.78,Ready
A0066,2024-12-31,0.87,0.73,0.16,0.86,0.82,Ready
A0067,2024-12-31,0.87,0.74,0.31,0.74,0.78,Ready
A0068,2024-12-31,0.84,0.69,0.2,0.89,0.79,Ready
A0069,2024-12-31,0.84,0.66,0.21,0.71,0.76,Ready
A0070,2024-12-31,0.88,0.66,0.23,0.84,0.79,Ready
A0071,2024-12-31,0.84,0.72,0.24,0.72,0.77,Ready
A0072,2024-12-31,0.88,0.8,0.24,0.84,0.83,Ready
A0073,2024-12-31,0.87,0.7,0.18,0.72,0.79,Ready
A0074,2024-12-31,0.87,0.66,0.21,0.88,0.79,Ready
A0075,2024-12-31,0.88,0.74,0.25,0.67,0.78,Ready
A0076,2024-12-31,0.86,0.76,0.25,0.78,0.8,Ready
A0077,2024-12-31,0.85,0.71,0.19,0.89,0.81,Ready
A0078,2024-12-31,0.88,0.7,0.23,0.71,0.78,Ready
A0079,2024-12-31,0.8,0.68,0.22,0.67,0.74,Monitor
A0080,2024-12-31,0.89,0.69,0.2,0.77,0.79,Ready
A0081,2024-12-31,0.88,0.76,0.2,0.74,0.81,Ready
A0082,2024-12-31,0.87,0.64,0.17,0.74,0.77,Ready
A0083,2024-12-31,0.83,0.77,0.14,0.69,0.8,Ready
A0084,2024-12-31,0.87,0.76,0.14,0.82,0.83,Ready
A0085,2024-12-31,0.89,0.74,0.11,0.82,0.83,Ready
A0086,2024-12-31,0.86,0.77,0.16,0.87,0.83,Ready
A0087,2024-12-31,0.85,0.8,0.14,0.8,0.83,Ready
A0088,2024-12-31,0.87,0.73,0.25,0.84,0.8,Ready
A0089,2024-12-31,0.86,0.67,0.19,0.66,0.76,Ready
A0090,2024-12-31,0.88,0.76,0.19,0.75,0.81,Ready
A0091,2024-12-31,0.85,0.76,0.25,0.89,0.81,Ready
A0092,2024-12-31,0.87,0.75,0.09,0.72,0.82,Ready
A0093,2024-12-31,0.91,0.66,0.16,0.76,0.8,Ready
A0094,2024-12-31,0.86,0.68,0.09,0.81,0.81,Ready
A0095,2024-12-31,0.9,0.73,0.12,0.86,0.84,Ready
A0096,2024-12-31,0.83,0.69,0.24,0.79,0.77,Ready
A0097,2024-12-31,0.84,0.81,0.09,0.77,0.83,Ready
A0098,2024-12-31,0.88,0.77,0.21,0.71,0.8,Ready
A0099,2024-12-31,0.86,0.78,0.14,0.77,0.82,Ready
A0100,2024-12-31,0.87,0.68,0.25,0.85,0.79,Ready
A0101,2024-12-31,0.88,0.7,0.19,0.9,0.82,Ready
A0102,2024-12-31,0.92,0.8,0.17,0.89,0.86,Ready
A0103,2024-12-31,0.87,0.71,0.31,0.73,0.76,Ready
A0104,2024-12-31,0.85,0.73,0.12,0.85,0.82,Ready
A0105,2024-12-31,0.88,0.68,0.19,0.89,0.81,Ready
A0106,2024-12-31,0.91,0.69,0.18,0.85,0.82,Ready
A0107,2024-12-31,0.85,0.74,0.25,0.77,0.78,Ready
A0108,2024-12-31,0.86,0.8,0.37,0.71,0.77,Ready
A0109,2024-12-31,0.88,0.69,0.26,0.74,0.77,Ready
A0110,2024-12-31,0.89,0.7,0.17,0.66,0.79,Ready
A0111,2024-12-31,0.88,0.83,0.26,0.68,0.81,Ready
A0112,2024-12-31,0.88,0.65,0.11,0.71,0.79,Ready
A0113,2024-12-31,0.87,0.79,0.2,0.7,0.81,Ready
A0114,2024-12-31,0.89,0.66,0.11,0.81,0.81,Ready
A0115,2024-12-31,0.86,0.79,0.2,0.75,0.81,Ready
A0116,2024-12-31,0.9,0.8,0.28,0.68,0.8,Ready
A0117,2024-12-31,0.85,0.78,0.2,0.88,0.82,Ready
A0118,2024-12-31,0.9,0.6,0.2,0.86,0.78,Ready
A0119,2024-12-31,0.84,0.72,0.25,0.84,0.79,Ready
A0120,2024-12-31,0.86,0.68,0.15,0.9,0.81,Ready
A0121,2024-12-31,0.84,0.63,0.14,0.71,0.76,Ready
A0122,2024-12-31,0.87,0.65,0.09,0.84,0.81,Ready
A0123,2024-12-31,0.85,0.69,0.12,0.85,0.81,Ready
A0124,2024-12-31,0.87,0.69,0.25,0.82,0.78,Ready
A0125,2024-12-31,0.86,0.79,0.31,0.8,0.8,Ready
A0126,2024-12-31,0.83,0.7,0.14,0.78,0.79,Ready
A0127,2024-12-31,0.87,0.72,0.16,0.81,0.81,Ready
A0128,2024-12-31,0.79,0.7,0.25,0.72,0.74,Monitor
A0129,2024-12-31,0.85,0.64,0.18,0.68,0.76,Ready
A0130,2024-12-31,0.84,0.61,0.21,0.85,0.76,Ready
A0131,2024-12-31,0.88,0.72,0.32,0.72,0.77,Ready
A0132,2024-12-31,0.85,0.79,0.26,0.76,0.8,Ready
A0133,2024-12-31,0.87,0.78,0.17,0.68,0.81,Ready
A0134,2024-12-31,0.89,0.74,0.21,0.84,0.82,Ready
A0135,2024-12-31,0.85,0.72,0.29,0.78,0.77,Ready
A0136,2024-12-31,0.87,0.73,0.23,0.72,0.79,Ready
A0137,2024-12-31,0.84,0.81,0.2,0.69,0.8,Ready
A0138,2024-12-31,0.88,0.71,0.19,0.75,0.8,Ready
A0139,2024-12-31,0.9,0.76,0.09,0.81,0.85,Ready
A0140,2024-12-31,0.88,0.7,0.25,0.74,0.78,Ready
A0141,2024-12-31,0.87,0.77,0.3,0.75,0.79,Ready
A0142,2024-12-31,0.82,0.73,0.2,0.8,0.79,Ready
A0143,2024-12-31,0.87,0.77,0.25,0.73,0.8,Ready
A0144,2024-12-31,0.87,0.75,0.38,0.8,0.77,Ready
A0145,2024-12-31,0.87,0.68,0.14,0.69,0.78,Ready
A0146,2024-12-31,0.86,0.69,0.32,0.81,0.77,Ready
A0147,2024-12-31,0.88,0.73,0.17,0.86,0.82,Ready
A0148,2024-12-31,0.89,0.66,0.09,0.84,0.82,Ready
A0149,2024-12-31,0.87,0.73,0.08,0.67,0.81,Ready
A0150,2024-12-31,0.86,0.77,0.21,0.88,0.82,Ready
A0151,2024-12-31,0.79,0.75,0.22,0.79,0.78,Ready
A0152,2024-12-31,0.82,0.71,0.15,0.67,0.77,Ready
A0153,2024-12-31,0.82,0.75,0.22,0.75,0.78,Ready
A0154,2024-12-31,0.86,0.73,0.2,0.72,0.79,Ready
A0155,2024-12-31,0.86,0.75,0.11,0.7,0.81,Ready
A0156,2024-12-31,0.88,0.68,0.32,0.68,0.75,Ready
A0157,2024-12-31,0.84,0.76,0.21,0.75,0.79,Ready
A0158,2024-12-31,0.9,0.72,0.34,0.86,0.79,Ready
A0159,2024-12-31,0.88,0.72,0.17,0.85,0.82,Ready
A0160,2024-12-31,0.87,0.64,0.27,0.73,0.75,Ready
A0161,2024-12-31,0.83,0.78,0.27,0.88,0.8,Ready
A0162,2024-12-31,0.82,0.75,0.24,0.87,0.79,Ready
A0163,2024-12-31,0.91,0.72,0.18,0.74,0.81,Ready
A0164,2024-12-31,0.83,0.61,0.35,0.86,0.73,Monitor
A0165,2024-12-31,0.87,0.77,0.17,0.84,0.83,Ready
A0166,2024-12-31,0.81,0.69,0.25,0.82,0.76,Ready
A0167,2024-12-31,0.87,0.73,0.13,0.73,0.81,Ready
A0168,2024-12-31,0.88,0.74,0.22,0.74,0.8,Ready
A0169,2024-12-31,0.88,0.77,0.23,0.75,0.81,Ready
A0170,2024-12-31,0.88,0.7,0.09,0.79,0.82,Ready
A0171,2024-12-31,0.88,0.83,0.2,0.7,0.82,Ready
A0172,2024-12-31,0.86,0.7,0.28,0.83,0.78,Ready
A0173,2024-12-31,0.87,0.79,0.19,0.71,0.81,Ready
A0174,2024-12-31,0.85,0.69,0.17,0.83,0.8,Ready
A0175,2024-12-31,0.87,0.69,0.34,0.87,0.77,Ready
A0176,2024-12-31,0.9,0.76,0.14,0.75,0.83,Ready
A0177,2024-12-31,0.87,0.73,0.16,0.76,0.81,Ready
A0178,2024-12-31,0.82,0.73,0.28,0.81,0.77,Ready
A0179,2024-12-31,0.8,0.71,0.32,0.89,0.76,Ready
A0180,2024-12-31,0.9,0.74,0.18,0.88,0.83,Ready
A0181,2024-12-31,0.86,0.59,0.19,0.85,0.77,Ready
A0182,2024-12-31,0.83,0.68,0.19,0.83,0.78,Ready
A0183,2024-12-31,0.89,0.64,0.28,0.67,0.75,Ready
A0184,2024-12-31,0.9,0.77,0.25,0.83,0.82,Ready
A0185,2024-12-31,0.83,0.77,0.47,0.88,0.76,Ready
A0186,2024-12-31,0.86,0.67,0.25,0.88,0.78,Ready
A0187,2024-12-31,0.81,0.72,0.28,0.83,0.77,Ready
A0188,2024-12-31,0.87,0.65,0.25,0.79,0.77,Ready
A0189,2024-12-31,0.87,0.78,0.13,0.74,0.82,Ready
A0190,2024-12-31,0.86,0.63,0.09,0.88,0.8,Ready
A0191,2024-12-31,0.87,0.74,0.27,0.82,0.8,Ready
A0192,2024-12-31,0.83,0.7,0.21,0.81,0.78,Ready
A0193,2024-12-31,0.87,0.81,0.19,0.72,0.82,Ready
A0194,2024-12-31,0.86,0.71,0.3,0.76,0.77,Ready
A0195,2024-12-31,0.86,0.78,0.25,0.71,0.79,Ready
A0196,2024-12-31,0.85,0.84,0.2,0.76,0.82,Ready
A0197,2024-12-31,0.9,0.68,0.1,0.69,0.8,Ready
A0198,2024-12-31,0.85,0.74,0.25,0.83,0.79,Ready
A0199,2024-12-31,0.88,0.71,0.35,0.75,0.76,Ready
A0200,2024-12-31,0.89,0.72,0.1,0.71,0.81,Ready
A0201,2024-12-31,0.84,0.72,0.27,0.78,0.77,Ready
A0202,2024-12-31,0.85,0.73,0.19,0.67,0.78,Ready
A0203,2024-12-31,0.87,0.71,0.2,0.68,0.78,Ready
A0204,2024-12-31,0.84,0.75,0.3,0.81,0.78,Ready
A0205,2024-12-31,0.85,0.78,0.25,0.66,0.78,Ready
A0206,2024-12-31,0.87,0.83,0.12,0.76,0.84,Ready
A0207,2024-12-31,0.86,0.75,0.12,0.87,0.83,Ready
A0208,2024-12-31,0.86,0.68,0.17,0.69,0.77,Ready
A0209,2024-12-31,0.87,0.7,0.2,0.82,0.8,Ready
A0210,2024-12-31,0.82,0.81,0.24,0.7,0.79,Ready
A0211,2024-12-31,0.83,0.74,0.2,0.88,0.8,Ready
A0212,2024-12-31,0.86,0.69,0.2,0.71,0.77,Ready
A0213,2024-12-31,0.87,0.73,0.13,0.89,0.83,Ready
A0214,2024-12-31,0.87,0.81,0.28,0.87,0.82,Ready
A0215,2024-12-31,0.84,0.69,0.17,0.76,0.78,Ready
A0216,2024-12-31,0.83,0.77,0.29,0.7,0.77,Ready
A0217,2024-12-31,0.9,0.69,0.11,0.73,0.81,Ready
A0218,2024-12-31,0.86,0.68,0.28,0.7,0.75,Ready
A0219,2024-12-31,0.84,0.64,0.26,0.75,0.75,Ready
A0220,2024-12-31,0.89,0.8,0.21,0.89,0.84,Ready
A0221,2024-12-31,0.81,0.65,0.17,0.7,0.75,Ready
A0222,2024-12-31,0.86,0.71,0.23,0.67,0.77,Ready
A0223,2024-12-31,0.84,0.69,0.18,0.82,0.79,Ready
A0224,2024-12-31,0.83,0.83,0.25,0.69,0.79,Ready
A0225,2024-12-31,0.85,0.76,0.25,0.68,0.78,Ready
A0226,2024-12-31,0.84,0.83,0.31,0.89,0.81,Ready
A0227,2024-12-31,0.9,0.71,0.29,0.72,0.78,Ready
A0228,2024-12-31,0.84,0.74,0.18,0.65,0.78,Ready
A0229,2024-12-31,0.81,0.68,0.11,0.83,0.79,Ready
A0230,2024-12-31,0.85,0.68,0.23,0.71,0.76,Ready
A0231,2024-12-31,0.84,0.75,0.32,0.73,0.76,Ready
A0232,2024-12-31,0.82,0.68,0.21,0.77,0.76,Ready
A0233,2024-12-31,0.85,0.8,0.27,0.79,0.8,Ready
A0234,2024-12-31,0.81,0.67,0.21,0.71,0.75,Ready
A0235,2024-12-31,0.89,0.82,0.19,0.88,0.85,Ready
A0236,2024-12-31,0.86,0.74,0.31,0.85,0.79,Ready
A0237,2024-12-31,0.87,0.76,0.2,0.86,0.82,Ready
A0238,2024-12-31,0.88,0.7,0.14,0.74,0.8,Ready
A0239,2024-12-31,0.86,0.63,0.1,0.77,0.79,Ready
A0240,2024-12-31,0.87,0.67,0.22,0.7,0.77,Ready
A0241,2024-12-31,0.83,0.77,0.33,0.68,0.76,Ready
A0242,2024-12-31,0.85,0.71,0.33,0.68,0.75,Ready
A0243,2024-12-31,0.85,0.7,0.09,0.85,0.82,Ready
A0244,2024-12-31,0.84,0.62,0.2,0.76,0.75,Ready
A0245,2024-12-31,0.91,0.64,0.12,0.84,0.81,Ready
A0246,2024-12-31,0.86,0.68,0.24,0.85,0.78,Ready
A0247,2024-12-31,0.84,0.73,0.18,0.79,0.8,Ready
A0248,2024-12-31,0.89,0.64,0.23,0.73,0.77,Ready
A0249,2024-12-31,0.85,0.65,0.26,0.69,0.74,Monitor
A0250,2024-12-31,0.85,0.79,0.32,0.8,0.79,Ready
A0251,2024-12-31,0.83,0.81,0.3,0.83,0.8,Ready
A0252,2024-12-31,0.83,0.66,0.29,0.84,0.76,Ready
A0253,2024-12-31,0.87,0.67,0.22,0.73,0.77,Ready
A0254,2024-12-31,0.83,0.79,0.22,0.7,0.79,Ready
A0255,2024-12-31,0.85,0.7,0.08,0.8,0.81,Ready
A0256,2024-12-31,0.86,0.62,0.27,0.86,0.76,Ready
A0257,2024-12-31,0.85,0.75,0.18,0.76,0.8,Ready
A0258,2024-12-31,0.86,0.73,0.19,0.75,0.79,Ready
A0259,2024-12-31,0.82,0.69,0.22,0.8,0.77,Ready
A0260,2024-12-31,0.9,0.7,0.33,0.77,0.77,Ready
A0261,2024-12-31,0.84,0.59,0.26,0.73,0.73,Monitor
A0262,2024-12-31,0.84,0.7,0.34,0.74,0.75,Ready
A0263,2024-12-31,0.86,0.8,0.16,0.67,0.81,Ready
A0264,2024-12-31,0.88,0.81,0.2,0.76,0.82,Ready
A0265,2024-12-31,0.86,0.67,0.21,0.83,0.78,Ready
A0266,2024-12-31,0.86,0.67,0.14,0.88,0.81,Ready
A0267,2024-12-31,0.85,0.7,0.26,0.79,0.77,Ready
A0268,2024-12-31,0.87,0.77,0.18,0.84,0.83,Ready
A0269,2024-12-31,0.87,0.71,0.16,0.69,0.79,Ready
A0270,2024-12-31,0.86,0.67,0.2,0.72,0.77,Ready
A0271,2024-12-31,0.85,0.74,0.24,0.87,0.8,Ready
A0272,2024-12-31,0.84,0.75,0.2,0.67,0.78,Ready
A0273,2024-12-31,0.86,0.75,0.16,0.84,0.82,Ready
A0274,2024-12-31,0.88,0.77,0.26,0.74,0.8,Ready
A0275,2024-12-31,0.89,0.76,0.13,0.78,0.83,Ready
A0276,2024-12-31,0.85,0.63,0.23,0.85,0.77,Ready
A0277,2024-12-31,0.88,0.62,0.23,0.8,0.77,Ready
A0278,2024-12-31,0.86,0.79,0.26,0.79,0.8,Ready
A0279,2024-12-31,0.91,0.72,0.23,0.88,0.82,Ready
A0280,2024-12-31,0.84,0.64,0.14,0.73,0.77,Ready
A0281,2024-12-31,0.84,0.7,0.17,0.77,0.79,Ready
A0282,2024-12-31,0.85,0.77,0.19,0.86,0.82,Ready
A0283,2024-12-31,0.87,0.76,0.16,0.87,0.83,Ready
A0284,2024-12-31,0.82,0.63,0.17,0.68,0.74,Monitor
A0285,2024-12-31,0.85,0.73,0.12,0.77,0.81,Ready
A0286,2024-12-31,0.86,0.71,0.23,0.83,0.79,Ready
A0287,2024-12-31,0.85,0.68,0.15,0.88,0.8,Ready
A0288,2024-12-31,0.84,0.76,0.09,0.73,0.81,Ready
A0289,2024-12-31,0.85,0.73,0.17,0.77,0.8,Ready
A0290,2024-12-31,0.84,0.73,0.18,0.88,0.81,Ready
A0291,2024-12-31,0.88,0.72,0.23,0.85,0.81,Ready
A0292,2024-12-31,0.87,0.77,0.15,0.68,0.81,Ready
A0293,2024-12-31,0.85,0.79,0.11,0.67,0.81,Ready
A0294,2024-12-31,0.84,0.68,0.1,0.72,0.79,Ready
A0295,2024-12-31,0.85,0.8,0.08,0.71,0.83,Ready
A0296,2024-12-31,0.86,0.71,0.17,0.82,0.8,Ready
A0297,2024-12-31,0.87,0.69,0.33,0.69,0.75,Ready
A0298,2024-12-31,0.86,0.68,0.13,0.77,0.79,Ready
A0299,2024-12-31,0.82,0.71,0.2,0.68,0.76,Ready
A0300,2024-12-31,0.88,0.68,0.19,0.8,0.79,Ready
A0301,2024-12-31,0.87,0.68,0.21,0.86,0.8,Ready
A0302,2024-12-31,0.84,0.69,0.21,0.82,0.78,Ready
A0303,2024-12-31,0.88,0.79,0.33,0.67,0.78,Ready
A0304,2024-12-31,0.8,0.67,0.16,0.78,0.77,Ready
A0305,2024-12-31,0.81,0.63,0.31,0.67,0.71,Monitor
A0306,2024-12-31,0.88,0.66,0.14,0.81,0.8,Ready
A0307,2024-12-31,0.84,0.67,0.11,0.71,0.78,Ready
A0308,2024-12-31,0.85,0.78,0.18,0.82,0.82,Ready
A0309,2024-12-31,0.86,0.68,0.09,0.72,0.8,Ready
A0310,2024-12-31,0.86,0.72,0.21,0.66,0.77,Ready
A0311,2024-12-31,0.83,0.74,0.25,0.72,0.77,Ready
A0312,2024-12-31,0.82,0.76,0.19,0.71,0.78,Ready
A0313,2024-12-31,0.85,0.69,0.25,0.71,0.76,Ready
A0314,2024-12-31,0.89,0.72,0.21,0.81,0.81,Ready
A0315,2024-12-31,0.82,0.65,0.1,0.86,0.79,Ready
A0316,2024-12-31,0.86,0.74,0.33,0.66,0.76,Ready
A0317,2024-12-31,0.81,0.8,0.25,0.75,0.79,Ready
A0318,2024-12-31,0.84,0.76,0.28,0.84,0.79,Ready
A0319,2024-12-31,0.89,0.73,0.2,0.88,0.82,Ready
A0320,2024-12-31,0.9,0.71,0.23,0.78,0.8,Ready
A0321,2024-12-31,0.85,0.69,0.25,0.85,0.78,Ready
A0322,2024-12-31,0.9,0.82,0.19,0.83,0.85,Ready
A0323,2024-12-31,0.88,0.7,0.17,0.76,0.8,Ready
A0324,2024-12-31,0.89,0.69,0.14,0.75,0.8,Ready
A0325,2024-12-31,0.85,0.68,0.32,0.67,0.74,Monitor
A0326,2024-12-31,0.91,0.72,0.21,0.71,0.8,Ready
A0327,2024-12-31,0.84,0.83,0.22,0.75,0.81,Ready
A0328,2024-12-31,0.87,0.65,0.22,0.79,0.77,Ready
A0329,2024-12-31,0.84,0.81,0.23,0.89,0.82,Ready
A0330,2024-12-31,0.86,0.76,0.23,0.73,0.79,Ready
A0331,2024-12-31,0.86,0.75,0.19,0.74,0.8,Ready
A0332,2024-12-31,0.85,0.77,0.17,0.82,0.82,Ready
A0333,2024-12-31,0.87,0.83,0.12,0.74,0.84,Ready
A0334,2024-12-31,0.83,0.73,0.24,0.84,0.79,Ready
A0335,2024-12-31,0.86,0.71,0.17,0.69,0.78,Ready
A0336,2024-12-31,0.87,0.75,0.19,0.75,0.8,Ready
A0337,2024-12-31,0.85,0.74,0.34,0.68,0.75,Ready
A0338,2024-12-31,0.85,0.7,0.28,0.66,0.75,Ready
A0339,2024-12-31,0.85,0.77,0.27,0.67,0.78,Ready
A0340,2024-12-31,0.85,0.68,0.38,0.71,0.73,Monitor
A0341,2024-12-31,0.84,0.72,0.15,0.83,0.8,Ready
A0342,2024-12-31,0.83,0.74,0.23,0.72,0.77,Ready
A0343,2024-12-31,0.86,0.65,0.1,0.8,0.8,Ready
A0344,2024-12-31,0.83,0.75,0.21,0.89,0.81,Ready
A0345,2024-12-31,0.88,0.69,0.27,0.74,0.77,Ready
A0346,2024-12-31,0.86,0.74,0.09,0.84,0.83,Ready
A0347,2024-12-31,0.87,0.8,0.1,0.65,0.82,Ready
A0348,2024-12-31,0.87,0.74,0.28,0.87,0.8,Ready
A0349,2024-12-31,0.83,0.74,0.15,0.79,0.8,Ready
A0350,2024-12-31,0.88,0.77,0.12,0.88,0.85,Ready
A0351,2024-12-31,0.88,0.74,0.27,0.74,0.79,Ready
A0352,2024-12-31,0.86,0.76,0.12,0.74,0.82,Ready
A0353,2024-12-31,0.89,0.79,0.29,0.89,0.82,Ready
A0354,2024-12-31,0.86,0.76,0.22,0.77,0.8,Ready
A0355,2024-12-31,0.93,0.72,0.22,0.71,0.8,Ready
A0356,2024-12-31,0.87,0.71,0.09,0.88,0.83,Ready
A0357,2024-12-31,0.87,0.68,0.29,0.73,0.76,Ready
A0358,2024-12-31,0.87,0.76,0.13,0.87,0.84,Ready
A0359,2024-12-31,0.86,0.79,0.28,0.71,0.79,Ready
A0360,2024-12-31,0.83,0.69,0.27,0.88,0.78,Ready
A0361,2024-12-31,0.83,0.77,0.13,0.9,0.83,Ready
A0362,2024-12-31,0.91,0.69,0.1,0.72,0.81,Ready
A0363,2024-12-31,0.81,0.73,0.15,0.85,0.8,Ready
A0364,2024-12-31,0.86,0.75,0.28,0.67,0.77,Ready
A0365,2024-12-31,0.9,0.71,0.39,0.72,0.76,Ready
A0366,2024-12-31,0.85,0.69,0.18,0.82,0.79,Ready
A0367,2024-12-31,0.86,0.7,0.19,0.82,0.8,Ready
A0368,2024-12-31,0.87,0.67,0.09,0.8,0.81,Ready
A0369,2024-12-31,0.84,0.66,0.34,0.75,0.74,Monitor
A0370,2024-12-31,0.88,0.76,0.15,0.89,0.84,Ready
A0371,2024-12-31,0.85,0.67,0.26,0.75,0.76,Ready
A0372,2024-12-31,0.86,0.72,0.3,0.85,0.78,Ready
A0373,2024-12-31,0.87,0.79,0.28,0.84,0.81,Ready
A0374,2024-12-31,0.87,0.68,0.23,0.9,0.8,Ready
A0375,2024-12-31,0.88,0.68,0.18,0.8,0.8,Ready
A0376,2024-12-31,0.84,0.71,0.16,0.82,0.8,Ready
A0377,2024-12-31,0.85,0.83,0.08,0.71,0.84,Ready
A0378,2024-12-31,0.89,0.65,0.17,0.74,0.78,Ready
A0379,2024-12-31,0.87,0.83,0.27,0.88,0.83,Ready
A0380,2024-12-31,0.84,0.75,0.24,0.67,0.77,Ready
A0381,2024-12-31,0.86,0.76,0.39,0.74,0.76,Ready
A0382,2024-12-31,0.84,0.71,0.17,0.72,0.78,Ready
A0383,2024-12-31,0.87,0.82,0.34,0.7,0.79,Ready
A0384,2024-12-31,0.86,0.79,0.33,0.68,0.77,Ready
A0385,2024-12-31,0.89,0.81,0.32,0.78,0.81,Ready
A0386,2024-12-31,0.84,0.65,0.26,0.7,0.74,Monitor
A0387,2024-12-31,0.85,0.7,0.24,0.81,0.78,Ready
A0388,2024-12-31,0.83,0.68,0.2,0.67,0.76,Ready
A0389,2024-12-31,0.88,0.76,0.13,0.88,0.84,Ready
A0390,2024-12-31,0.89,0.86,0.12,0.71,0.85,Ready
A0391,2024-12-31,0.83,0.74,0.24,0.68,0.77,Ready
A0392,2024-12-31,0.83,0.69,0.26,0.85,0.77,Ready
A0393,2024-12-31,0.84,0.67,0.25,0.9,0.78,Ready
A0394,2024-12-31,0.85,0.78,0.18,0.71,0.8,Ready
A0395,2024-12-31,0.84,0.72,0.24,0.78,0.78,Ready
A0396,2024-12-31,0.81,0.66,0.14,0.84,0.78,Ready
A0397,2024-12-31,0.85,0.76,0.27,0.72,0.78,Ready
A0398,2024-12-31,0.85,0.8,0.21,0.74,0.81,Ready
A0399,2024-12-31,0.88,0.63,0.26,0.67,0.75,Ready
A0400,2024-12-31,0.85,0.63,0.21,0.89,0.78,Ready
A0401,2024-12-31,0.88,0.7,0.12,0.89,0.83,Ready
A0402,2024-12-31,0.88,0.61,0.12,0.65,0.76,Ready
A0403,2024-12-31,0.85,0.75,0.09,0.76,0.82,Ready
A0404,2024-12-31,0.85,0.63,0.32,0.85,0.75,Ready
A0405,2024-12-31,0.84,0.71,0.14,0.69,0.78,Ready
A0406,2024-12-31,0.84,0.62,0.1,0.88,0.79,Ready
A0407,2024-12-31,0.86,0.77,0.19,0.84,0.82,Ready
A0408,2024-12-31,0.87,0.63,0.1,0.82,0.8,Ready
A0409,2024-12-31,0.86,0.79,0.38,0.75,0.77,Ready
A0410,2024-12-31,0.91,0.75,0.19,0.65,0.8,Ready
A0411,2024-12-31,0.85,0.62,0.14,0.86,0.78,Ready
A0412,2024-12-31,0.85,0.69,0.33,0.89,0.77,Ready
A0413,2024-12-31,0.9,0.78,0.32,0.8,0.8,Ready
A0414,2024-12-31,0.88,0.61,0.27,0.75,0.75,Ready
A0415,2024-12-31,0.89,0.71,0.11,0.8,0.82,Ready
A0416,2024-12-31,0.89,0.69,0.31,0.86,0.79,Ready
A0417,2024-12-31,0.87,0.7,0.15,0.65,0.78,Ready
A0418,2024-12-31,0.85,0.72,0.16,0.72,0.79,Ready
A0419,2024-12-31,0.84,0.64,0.16,0.83,0.78,Ready
A0420,2024-12-31,0.84,0.58,0.11,0.67,0.75,Ready
A0421,2024-12-31,0.89,0.73,0.22,0.86,0.82,Ready
A0422,2024-12-31,0.82,0.73,0.1,0.76,0.8,Ready
A0423,2024-12-31,0.9,0.78,0.34,0.84,0.81,Ready
A0424,2024-12-31,0.91,0.73,0.17,0.85,0.83,Ready
A0425,2024-12-31,0.88,0.66,0.22,0.83,0.79,Ready
A0426,2024-12-31,0.82,0.67,0.31,0.84,0.75,Ready
A0427,2024-12-31,0.84,0.78,0.15,0.69,0.8,Ready
A0428,2024-12-31,0.88,0.74,0.19,0.82,0.82,Ready
A0429,2024-12-31,0.87,0.81,0.37,0.86,0.8,Ready
A0430,2024-12-31,0.91,0.73,0.08,0.7,0.83,Ready
A0431,2024-12-31,0.87,0.74,0.1,0.67,0.81,Ready
A0432,2024-12-31,0.85,0.69,0.18,0.83,0.79,Ready
A0433,2024-12-31,0.86,0.71,0.32,0.87,0.78,Ready
A0434,2024-12-31,0.91,0.72,0.19,0.74,0.81,Ready
A0435,2024-12-31,0.86,0.83,0.22,0.89,0.84,Ready
A0436,2024-12-31,0.85,0.72,0.24,0.79,0.78,Ready
A0437,2024-12-31,0.87,0.73,0.1,0.69,0.81,Ready
A0438,2024-12-31,0.85,0.72,0.15,0.65,0.78,Ready
A0439,2024-12-31,0.86,0.75,0.1,0.7,0.81,Ready
A0440,2024-12-31,0.88,0.6,0.18,0.81,0.77,Ready
A0441,2024-12-31,0.86,0.81,0.24,0.73,0.81,Ready
A0442,2024-12-31,0.82,0.8,0.26,0.86,0.8,Ready
A0443,2024-12-31,0.89,0.72,0.32,0.83,0.79,Ready
A0444,2024-12-31,0.92,0.75,0.26,0.87,0.83,Ready
A0445,2024-12-31,0.8,0.63,0.08,0.76,0.77,Ready
A0446,2024-12-31,0.9,0.78,0.35,0.83,0.8,Ready
A0447,2024-12-31,0.82,0.64,0.24,0.78,0.75,Ready
A0448,2024-12-31,0.87,0.7,0.14,0.87,0.82,Ready
A0449,2024-12-31,0.88,0.76,0.2,0.8,0.82,Ready
A0450,2024-12-31,0.88,0.64,0.26,0.79,0.77,Ready
A0451,2024-12-31,0.86,0.64,0.23,0.83,0.77,Ready
A0452,2024-12-31,0.87,0.75,0.18,0.78,0.81,Ready
A0453,2024-12-31,0.88,0.78,0.33,0.65,0.77,Ready
A0454,2024-12-31,0.84,0.76,0.2,0.8,0.8,Ready
A0455,2024-12-31,0.87,0.8,0.24,0.85,0.82,Ready
A0456,2024-12-31,0.82,0.68,0.27,0.72,0.74,Monitor
A0457,2024-12-31,0.87,0.7,0.15,0.73,0.79,Ready
A0458,2024-12-31,0.9,0.74,0.25,0.87,0.82,Ready
A0459,2024-12-31,0.85,0.74,0.2,0.75,0.79,Ready
A0460,2024-12-31,0.86,0.75,0.22,0.85,0.81,Ready
A0461,2024-12-31,0.82,0.78,0.23,0.89,0.81,Ready
A0462,2024-12-31,0.88,0.67,0.1,0.7,0.79,Ready
A0463,2024-12-31,0.91,0.77,0.28,0.74,0.8,Ready
A0464,2024-12-31,0.85,0.8,0.22,0.89,0.83,Ready
A0465,2024-12-31,0.85,0.81,0.36,0.66,0.77,Ready
A0466,2024-12-31,0.85,0.62,0.2,0.75,0.76,Ready
A0467,2024-12-31,0.89,0.78,0.2,0.88,0.84,Ready
A0468,2024-12-31,0.88,0.64,0.23,0.72,0.76,Ready
A0469,2024-12-31,0.88,0.78,0.19,0.72,0.81,Ready
A0470,2024-12-31,0.87,0.76,0.32,0.81,0.79,Ready
A0471,2024-12-31,0.84,0.71,0.39,0.76,0.74,Monitor
A0472,2024-12-31,0.83,0.68,0.2,0.74,0.77,Ready
A0473,2024-12-31,0.84,0.66,0.24,0.66,0.74,Monitor
A0474,2024-12-31,0.85,0.76,0.18,0.82,0.81,Ready
A0475,2024-12-31,0.84,0.7,0.1,0.68,0.79,Ready
A0476,2024-12-31,0.86,0.78,0.24,0.73,0.8,Ready
A0477,2024-12-31,0.84,0.71,0.31,0.77,0.76,Ready
A0478,2024-12-31,0.89,0.72,0.2,0.84,0.81,Ready
A0479,2024-12-31,0.84,0.71,0.17,0.79,0.79,Ready
A0480,2024-12-31,0.87,0.75,0.25,0.74,0.79,Ready
A0481,2024-12-31,0.86,0.77,0.23,0.8,0.81,Ready
A0482,2024-12-31,0.84,0.62,0.16,0.69,0.75,Ready
A0483,2024-12-31,0.87,0.77,0.18,0.68,0.8,Ready
A0484,2024-12-31,0.85,0.72,0.24,0.76,0.78,Ready
A0485,2024-12-31,0.88,0.69,0.13,0.76,0.8,Ready
A0486,2024-12-31,0.84,0.81,0.27,0.67,0.78,Ready
A0487,2024-12-31,0.89,0.78,0.12,0.79,0.84,Ready
A0488,2024-12-31,0.86,0.75,0.2,0.85,0.81,Ready
A0489,2024-12-31,0.87,0.75,0.18,0.88,0.83,Ready
A0490,2024-12-31,0.84,0.66,0.23,0.7,0.75,Ready
A0491,2024-12-31,0.85,0.65,0.29,0.7,0.74,Monitor
A0492,2024-12-31,0.86,0.62,0.22,0.67,0.74,Monitor
A0493,2024-12-31,0.87,0.65,0.25,0.76,0.76,Ready
A0494,2024-12-31,0.83,0.76,0.1,0.79,0.82,Ready
A0495,2024-12-31,0.8,0.8,0.17,0.73,0.8,Ready
A0496,2024-12-31,0.83,0.68,0.17,0.9,0.8,Ready
A0497,2024-12-31,0.83,0.66,0.19,0.7,0.76,Ready
A0498,2024-12-31,0.84,0.68,0.09,0.87,0.81,Ready
A0499,2024-12-31,0.87,0.66,0.34,0.77,0.75,Ready
A0500,2024-12-31,0.93,0.82,0.09,0.68,0.86,Ready
A0501,2024-12-31,0.82,0.69,0.3,0.69,0.74,Monitor
A0502,2024-12-31,0.85,0.73,0.24,0.77,0.78,Ready
A0503,2024-12-31,0.89,0.74,0.21,0.74,0.8,Ready
A0504,2024-12-31,0.87,0.7,0.32,0.8,0.77,Ready
A0505,2024-12-31,0.86,0.72,0.19,0.74,0.79,Ready
A0506,2024-12-31,0.87,0.78,0.23,0.84,0.82,Ready
A0507,2024-12-31,0.85,0.58,0.28,0.8,0.74,Monitor
A0508,2024-12-31,0.86,0.67,0.15,0.87,0.8,Ready
A0509,2024-12-31,0.89,0.75,0.2,0.67,0.8,Ready
A0510,2024-12-31,0.86,0.68,0.18,0.68,0.77,Ready
A0511,2024-12-31,0.87,0.71,0.17,0.67,0.78,Ready
A0512,2024-12-31,0.85,0.71,0.12,0.66,0.79,Ready
A0513,2024-12-31,0.82,0.61,0.21,0.89,0.76,Ready
A0514,2024-12-31,0.85,0.75,0.19,0.87,0.82,Ready
A0515,2024-12-31,0.84,0.69,0.24,0.78,0.77,Ready
A0516,2024-12-31,0.84,0.74,0.17,0.8,0.8,Ready
A0517,2024-12-31,0.88,0.76,0.21,0.7,0.8,Ready
A0518,2024-12-31,0.89,0.71,0.29,0.72,0.77,Ready
A0519,2024-12-31,0.83,0.72,0.17,0.66,0.77,Ready
A0520,2024-12-31,0.87,0.69,0.28,0.84,0.78,Ready
A0521,2024-12-31,0.81,0.63,0.12,0.69,0.75,Ready
A0522,2024-12-31,0.83,0.73,0.24,0.76,0.78,Ready
A0523,2024-12-31,0.83,0.76,0.12,0.83,0.82,Ready
A0524,2024-12-31,0.87,0.82,0.17,0.76,0.83,Ready
A0525,2024-12-31,0.83,0.77,0.22,0.77,0.79,Ready
A0526,2024-12-31,0.83,0.71,0.13,0.78,0.79,Ready
A0527,2024-12-31,0.86,0.78,0.21,0.76,0.81,Ready
A0528,2024-12-31,0.89,0.76,0.16,0.9,0.84,Ready
A0529,2024-12-31,0.86,0.61,0.3,0.88,0.76,Ready
A0530,2024-12-31,0.91,0.68,0.13,0.66,0.8,Ready
A0531,2024-12-31,0.83,0.77,0.22,0.73,0.79,Ready
A0532,2024-12-31,0.84,0.74,0.17,0.81,0.8,Ready
A0533,2024-12-31,0.87,0.59,0.24,0.7,0.74,Monitor
A0534,2024-12-31,0.89,0.64,0.41,0.82,0.74,Monitor
A0535,2024-12-31,0.91,0.71,0.15,0.66,0.8,Ready
A0536,2024-12-31,0.87,0.76,0.09,0.88,0.85,Ready
A0537,2024-12-31,0.86,0.75,0.26,0.73,0.78,Ready
A0538,2024-12-31,0.85,0.74,0.25,0.86,0.8,Ready
A0539,2024-12-31,0.86,0.7,0.12,0.73,0.8,Ready
A0540,2024-12-31,0.87,0.74,0.25,0.8,0.8,Ready
A0541,2024-12-31,0.87,0.75,0.29,0.77,0.79,Ready
A0542,2024-12-31,0.86,0.67,0.25,0.85,0.78,Ready
A0543,2024-12-31,0.85,0.64,0.18,0.82,0.78,Ready
A0544,2024-12-31,0.8,0.76,0.19,0.86,0.8,Ready
A0545,2024-12-31,0.84,0.79,0.28,0.86,0.8,Ready
A0546,2024-12-31,0.82,0.72,0.15,0.87,0.8,Ready
A0547,2024-12-31,0.83,0.69,0.08,0.74,0.79,Ready
A0548,2024-12-31,0.82,0.78,0.24,0.9,0.81,Ready
A0549,2024-12-31,0.88,0.72,0.15,0.73,0.8,Ready
A0550,2024-12-31,0.92,0.64,0.27,0.77,0.78,Ready
A0551,2024-12-31,0.87,0.8,0.08,0.81,0.85,Ready
A0552,2024-12-31,0.85,0.67,0.27,0.77,0.76,Ready
A0553,2024-12-31,0.82,0.8,0.21,0.86,0.81,Ready
A0554,2024-12-31,0.87,0.65,0.2,0.72,0.77,Ready
A0555,2024-12-31,0.85,0.67,0.29,0.7,0.75,Ready
A0556,2024-12-31,0.83,0.73,0.14,0.69,0.78,Ready
A0557,2024-12-31,0.86,0.68,0.09,0.7,0.79,Ready
A0558,2024-12-31,0.83,0.71,0.12,0.88,0.81,Ready
A0559,2024-12-31,0.85,0.63,0.15,0.83,0.78,Ready
A0560,2024-12-31,0.84,0.72,0.17,0.89,0.81,Ready
A0561,2024-12-31,0.85,0.75,0.25,0.68,0.77,Ready
A0562,2024-12-31,0.88,0.75,0.27,0.84,0.8,Ready
A0563,2024-12-31,0.88,0.64,0.25,0.84,0.78,Ready
A0564,2024-12-31,0.82,0.7,0.18,0.78,0.78,Ready
A0565,2024-12-31,0.87,0.6,0.18,0.71,0.76,Ready
A0566,2024-12-31,0.88,0.72,0.1,0.81,0.83,Ready
A0567,2024-12-31,0.87,0.7,0.15,0.88,0.82,Ready
A0568,2024-12-31,0.83,0.74,0.24,0.73,0.77,Ready
A0569,2024-12-31,0.84,0.74,0.24,0.82,0.79,Ready
A0570,2024-12-31,0.85,0.6,0.11,0.66,0.75,Ready
A0571,2024-12-31,0.86,0.72,0.26,0.67,0.77,Ready
A0572,2024-12-31,0.86,0.7,0.19,0.84,0.8,Ready
A0573,2024-12-31,0.83,0.67,0.2,0.69,0.76,Ready
A0574,2024-12-31,0.87,0.69,0.21,0.67,0.77,Ready
A0575,2024-12-31,0.9,0.76,0.11,0.66,0.82,Ready
A0576,2024-12-31,0.84,0.74,0.28,0.88,0.79,Ready
A0577,2024-12-31,0.87,0.82,0.25,0.81,0.82,Ready
A0578,2024-12-31,0.88,0.78,0.17,0.79,0.83,Ready
A0579,2024-12-31,0.84,0.74,0.21,0.65,0.77,Ready
A0580,2024-12-31,0.87,0.7,0.22,0.72,0.78,Ready
A0581,2024-12-31,0.86,0.75,0.15,0.76,0.81,Ready
A0582,2024-12-31,0.84,0.75,0.39,0.72,0.75,Ready
A0583,2024-12-31,0.82,0.68,0.18,0.8,0.78,Ready
A0584,2024-12-31,0.87,0.71,0.24,0.8,0.79,Ready
A0585,2024-12-31,0.89,0.71,0.21,0.83,0.81,Ready
A0586,2024-12-31,0.85,0.76,0.22,0.9,0.82,Ready
A0587,2024-12-31,0.84,0.77,0.22,0.88,0.81,Ready
A0588,2024-12-31,0.88,0.81,0.25,0.74,0.81,Ready
A0589,2024-12-31,0.85,0.63,0.17,0.89,0.79,Ready
A0590,2024-12-31,0.87,0.74,0.19,0.68,0.79,Ready
A0591,2024-12-31,0.93,0.74,0.13,0.71,0.83,Ready
A0592,2024-12-31,0.89,0.72,0.17,0.69,0.8,Ready
A0593,2024-12-31,0.85,0.79,0.15,0.67,0.8,Ready
A0594,2024-12-31,0.85,0.77,0.18,0.71,0.8,Ready
A0595,2024-12-31,0.88,0.81,0.15,0.87,0.85,Ready
A0596,2024-12-31,0.81,0.68,0.09,0.73,0.78,Ready
A0597,2024-12-31,0.9,0.74,0.12,0.68,0.82,Ready
A0598,2024-12-31,0.88,0.72,0.25,0.74,0.78,Ready
A0599,2024-12-31,0.88,0.78,0.27,0.73,0.8,Ready
A0600,2024-12-31,0.86,0.73,0.29,0.85,0.79,Ready
A0601,2024-12-31,0.86,0.66,0.22,0.69,0.76,Ready
A0602,2024-12-31,0.86,0.67,0.41,0.8,0.74,Monitor
A0603,2024-12-31,0.85,0.72,0.12,0.82,0.81,Ready
A0604,2024-12-31,0.89,0.75,0.25,0.67,0.79,Ready
A0605,2024-12-31,0.88,0.71,0.34,0.75,0.77,Ready
A0606,2024-12-31,0.87,0.74,0.13,0.83,0.82,Ready
A0607,2024-12-31,0.87,0.76,0.22,0.71,0.8,Ready
A0608,2024-12-31,0.78,0.76,0.2,0.82,0.78,Ready
A0609,2024-12-31,0.83,0.65,0.27,0.76,0.75,Ready
A0610,2024-12-31,0.87,0.66,0.23,0.86,0.79,Ready
A0611,2024-12-31,0.86,0.68,0.25,0.77,0.77,Ready
A0612,2024-12-31,0.87,0.68,0.24,0.75,0.77,Ready
A0613,2024-12-31,0.85,0.69,0.33,0.71,0.74,Monitor
A0614,2024-12-31,0.84,0.76,0.1,0.78,0.82,Ready
A0615,2024-12-31,0.85,0.71,0.26,0.87,0.79,Ready
A0616,2024-12-31,0.85,0.76,0.13,0.79,0.82,Ready
A0617,2024-12-31,0.9,0.72,0.15,0.77,0.82,Ready
A0618,2024-12-31,0.88,0.77,0.17,0.82,0.83,Ready
A0619,2024-12-31,0.88,0.77,0.16,0.79,0.83,Ready
A0620,2024-12-31,0.87,0.71,0.21,0.79,0.79,Ready
A0621,2024-12-31,0.89,0.7,0.25,0.74,0.78,Ready
A0622,2024-12-31,0.89,0.74,0.08,0.82,0.84,Ready
A0623,2024-12-31,0.89,0.75,0.3,0.69,0.78,Ready
A0624,2024-12-31,0.86,0.76,0.23,0.88,0.82,Ready
A0625,2024-12-31,0.79,0.7,0.14,0.67,0.76,Ready
A0626,2024-12-31,0.93,0.76,0.24,0.74,0.82,Ready
A0627,2024-12-31,0.85,0.72,0.22,0.7,0.77,Ready
A0628,2024-12-31,0.83,0.7,0.24,0.69,0.76,Ready
A0629,2024-12-31,0.83,0.8,0.31,0.72,0.78,Ready
A0630,2024-12-31,0.87,0.67,0.15,0.83,0.8,Ready
A0631,2024-12-31,0.81,0.73,0.09,0.65,0.78,Ready
A0632,2024-12-31,0.85,0.75,0.12,0.68,0.8,Ready
A0633,2024-12-31,0.85,0.81,0.16,0.86,0.84,Ready
A0634,2024-12-31,0.89,0.79,0.24,0.82,0.82,Ready
A0635,2024-12-31,0.81,0.63,0.23,0.75,0.74,Monitor
A0636,2024-12-31,0.89,0.74,0.23,0.67,0.79,Ready
A0637,2024-12-31,0.82,0.71,0.09,0.76,0.8,Ready
A0638,2024-12-31,0.85,0.64,0.21,0.79,0.77,Ready
A0639,2024-12-31,0.87,0.7,0.09,0.66,0.8,Ready
A0640,2024-12-31,0.88,0.73,0.24,0.76,0.79,Ready
A0641,2024-12-31,0.88,0.78,0.18,0.72,0.81,Ready
A0642,2024-12-31,0.85,0.81,0.19,0.69,0.81,Ready
A0643,2024-12-31,0.87,0.75,0.17,0.71,0.8,Ready
A0644,2024-12-31,0.91,0.71,0.33,0.81,0.79,Ready
A0645,2024-12-31,0.81,0.72,0.25,0.89,0.78,Ready
A0646,2024-12-31,0.88,0.82,0.16,0.74,0.83,Ready
A0647,2024-12-31,0.85,0.67,0.2,0.7,0.76,Ready
A0648,2024-12-31,0.85,0.79,0.17,0.83,0.82,Ready
A0649,2024-12-31,0.87,0.64,0.4,0.86,0.75,Ready
A0650,2024-12-31,0.83,0.8,0.14,0.87,0.83,Ready
A0651,2024-12-31,0.86,0.71,0.11,0.71,0.8,Ready
A0652,2024-12-31,0.84,0.72,0.29,0.74,0.76,Ready
A0653,2024-12-31,0.81,0.75,0.16,0.67,0.78,Ready
A0654,2024-12-31,0.85,0.63,0.17,0.76,0.77,Ready
A0655,2024-12-31,0.86,0.86,0.25,0.66,0.81,Ready
A0656,2024-12-31,0.89,0.8,0.14,0.67,0.82,Ready
A0657,2024-12-31,0.88,0.6,0.19,0.7,0.76,Ready
A0658,2024-12-31,0.82,0.69,0.14,0.66,0.76,Ready
A0659,2024-12-31,0.87,0.72,0.15,0.75,0.8,Ready
A0660,2024-12-31,0.83,0.76,0.28,0.77,0.78,Ready
A0661,2024-12-31,0.87,0.73,0.15,0.67,0.79,Ready
A0662,2024-12-31,0.84,0.78,0.31,0.85,0.79,Ready
A0663,2024-12-31,0.86,0.74,0.17,0.66,0.79,Ready
A0664,2024-12-31,0.89,0.69,0.34,0.67,0.75,Ready
A0665,2024-12-31,0.89,0.75,0.3,0.66,0.78,Ready
A0666,2024-12-31,0.86,0.71,0.41,0.66,0.73,Monitor
A0667,2024-12-31,0.83,0.71,0.14,0.73,0.78,Ready
A0668,2024-12-31,0.79,0.75,0.19,0.89,0.8,Ready
A0669,2024-12-31,0.85,0.65,0.16,0.76,0.77,Ready
A0670,2024-12-31,0.82,0.8,0.15,0.87,0.83,Ready
A0671,2024-12-31,0.87,0.81,0.13,0.67,0.82,Ready
A0672,2024-12-31,0.87,0.7,0.26,0.72,0.77,Ready
A0673,2024-12-31,0.86,0.79,0.24,0.88,0.82,Ready
A0674,2024-12-31,0.87,0.76,0.17,0.84,0.82,Ready
A0675,2024-12-31,0.84,0.75,0.21,0.88,0.81,Ready
A0676,2024-12-31,0.87,0.74,0.28,0.67,0.77,Ready
A0677,2024-12-31,0.87,0.65,0.12,0.75,0.79,Ready
A0678,2024-12-31,0.89,0.78,0.18,0.84,0.84,Ready
A0679,2024-12-31,0.87,0.69,0.16,0.89,0.81,Ready
A0680,2024-12-31,0.91,0.67,0.18,0.72,0.79,Ready
A0681,2024-12-31,0.88,0.68,0.34,0.76,0.76,Ready
A0682,2024-12-31,0.87,0.68,0.31,0.7,0.75,Ready
A0683,2024-12-31,0.87,0.67,0.2,0.84,0.79,Ready
A0684,2024-12-31,0.88,0.67,0.17,0.87,0.81,Ready
A0685,2024-12-31,0.88,0.77,0.29,0.8,0.8,Ready
A0686,2024-12-31,0.84,0.65,0.25,0.69,0.74,Monitor
A0687,2024-12-31,0.87,0.66,0.09,0.78,0.8,Ready
A0688,2024-12-31,0.84,0.72,0.19,0.88,0.8,Ready
A0689,2024-12-31,0.87,0.68,0.35,0.83,0.76,Ready
A0690,2024-12-31,0.86,0.73,0.13,0.84,0.82,Ready
A0691,2024-12-31,0.88,0.78,0.12,0.86,0.85,Ready
A0692,2024-12-31,0.9,0.7,0.28,0.65,0.77,Ready
A0693,2024-12-31,0.86,0.67,0.26,0.82,0.77,Ready
A0694,2024-12-31,0.85,0.66,0.2,0.84,0.78,Ready
A0695,2024-12-31,0.87,0.8,0.27,0.8,0.81,Ready
A0696,2024-12-31,0.86,0.75,0.33,0.85,0.79,Ready
A0697,2024-12-31,0.9,0.66,0.1,0.86,0.82,Ready
A0698,2024-12-31,0.84,0.77,0.13,0.79,0.82,Ready
A0699,2024-12-31,0.82,0.64,0.19,0.85,0.77,Ready
A0700,2024-12-31,0.87,0.64,0.17,0.81,0.78,Ready
A0701,2024-12-31,0.8,0.78,0.24,0.88,0.8,Ready
A0702,2024-12-31,0.89,0.8,0.26,0.67,0.8,Ready
A0703,2024-12-31,0.88,0.7,0.16,0.66,0.78,Ready
A0704,2024-12-31,0.89,0.67,0.3,0.72,0.76,Ready
A0705,2024-12-31,0.82,0.82,0.13,0.84,0.83,Ready
A0706,2024-12-31,0.84,0.62,0.1,0.73,0.77,Ready
A0707,2024-12-31,0.89,0.81,0.08,0.77,0.85,Ready
A0708,2024-12-31,0.9,0.77,0.14,0.72,0.83,Ready
A0709,2024-12-31,0.83,0.78,0.23,0.71,0.78,Ready
A0710,2024-12-31,0.84,0.7,0.26,0.89,0.79,Ready
A0711,2024-12-31,0.82,0.68,0.14,0.85,0.79,Ready
A0712,2024-12-31,0.85,0.64,0.25,0.79,0.76,Ready
A0713,2024-12-31,0.84,0.77,0.1,0.69,0.81,Ready
A0714,2024-12-31,0.86,0.64,0.21,0.85,0.78,Ready
A0715,2024-12-31,0.89,0.76,0.09,0.87,0.85,Ready
A0716,2024-12-31,0.86,0.78,0.26,0.89,0.82,Ready
A0717,2024-12-31,0.88,0.73,0.32,0.85,0.79,Ready
A0718,2024-12-31,0.88,0.73,0.31,0.88,0.8,Ready
A0719,2024-12-31,0.83,0.65,0.3,0.7,0.73,Monitor
A0720,2024-12-31,0.86,0.78,0.2,0.7,0.8,Ready
A0721,2024-12-31,0.86,0.76,0.13,0.87,0.83,Ready
A0722,2024-12-31,0.89,0.75,0.09,0.67,0.82,Ready
A0723,2024-12-31,0.85,0.7,0.29,0.79,0.77,Ready
A0724,2024-12-31,0.89,0.84,0.29,0.7,0.81,Ready
A0725,2024-12-31,0.85,0.6,0.15,0.67,0.75,Ready
A0726,2024-12-31,0.89,0.76,0.32,0.67,0.78,Ready
A0727,2024-12-31,0.85,0.77,0.14,0.9,0.84,Ready
A0728,2024-12-31,0.89,0.83,0.22,0.76,0.83,Ready
A0729,2024-12-31,0.86,0.78,0.24,0.67,0.79,Ready
A0730,2024-12-31,0.86,0.75,0.21,0.77,0.8,Ready
A0731,2024-12-31,0.82,0.74,0.15,0.67,0.78,Ready
A0732,2024-12-31,0.85,0.62,0.22,0.86,0.77,Ready
A0733,2024-12-31,0.86,0.72,0.09,0.88,0.83,Ready
A0734,2024-12-31,0.89,0.67,0.25,0.73,0.77,Ready
A0735,2024-12-31,0.82,0.68,0.13,0.81,0.79,Ready
A0736,2024-12-31,0.87,0.79,0.13,0.65,0.81,Ready
A0737,2024-12-31,0.87,0.69,0.24,0.66,0.76,Ready
A0738,2024-12-31,0.87,0.76,0.18,0.77,0.81,Ready
A0739,2024-12-31,0.87,0.61,0.22,0.84,0.77,Ready
A0740,2024-12-31,0.86,0.7,0.25,0.84,0.79,Ready
A0741,2024-12-31,0.83,0.71,0.1,0.77,0.8,Ready
A0742,2024-12-31,0.86,0.7,0.25,0.65,0.76,Ready
A0743,2024-12-31,0.85,0.8,0.2,0.83,0.82,Ready
A0744,2024-12-31,0.86,0.64,0.2,0.84,0.78,Ready
A0745,2024-12-31,0.88,0.76,0.38,0.72,0.77,Ready
A0746,2024-12-31,0.87,0.77,0.12,0.75,0.82,Ready
A0747,2024-12-31,0.87,0.7,0.44,0.69,0.73,Monitor
A0748,2024-12-31,0.87,0.8,0.11,0.88,0.85,Ready
A0749,2024-12-31,0.84,0.78,0.2,0.78,0.8,Ready
A0750,2024-12-31,0.84,0.7,0.18,0.71,0.77,Ready
A0751,2024-12-31,0.87,0.69,0.15,0.88,0.81,Ready
A0752,2024-12-31,0.85,0.75,0.23,0.79,0.8,Ready
A0753,2024-12-31,0.89,0.68,0.16,0.68,0.79,Ready
A0754,2024-12-31,0.86,0.8,0.12,0.83,0.84,Ready
A0755,2024-12-31,0.84,0.76,0.21,0.71,0.79,Ready
A0756,2024-12-31,0.91,0.63,0.28,0.72,0.76,Ready
A0757,2024-12-31,0.87,0.75,0.18,0.87,0.82,Ready
A0758,2024-12-31,0.87,0.68,0.15,0.78,0.8,Ready
A0759,2024-12-31,0.87,0.71,0.31,0.73,0.76,Ready
A0760,2024-12-31,0.82,0.74,0.21,0.87,0.8,Ready
A0761,2024-12-31,0.83,0.7,0.12,0.9,0.81,Ready
A0762,2024-12-31,0.81,0.74,0.29,0.79,0.77,Ready
A0763,2024-12-31,0.89,0.58,0.17,0.72,0.76,Ready
A0764,2024-12-31,0.85,0.68,0.26,0.69,0.75,Ready
A0765,2024-12-31,0.87,0.67,0.17,0.82,0.79,Ready
A0766,2024-12-31,0.87,0.64,0.17,0.66,0.76,Ready
A0767,2024-12-31,0.88,0.8,0.2,0.8,0.83,Ready
A0768,2024-12-31,0.86,0.72,0.17,0.7,0.79,Ready
A0769,2024-12-31,0.88,0.67,0.21,0.83,0.79,Ready
A0770,2024-12-31,0.86,0.67,0.4,0.9,0.76,Ready
A0771,2024-12-31,0.85,0.72,0.15,0.81,0.8,Ready
A0772,2024-12-31,0.88,0.72,0.22,0.71,0.79,Ready
A0773,2024-12-31,0.85,0.72,0.14,0.73,0.8,Ready
A0774,2024-12-31,0.87,0.8,0.21,0.88,0.83,Ready
A0775,2024-12-31,0.88,0.7,0.23,0.85,0.8,Ready
A0776,2024-12-31,0.82,0.72,0.13,0.84,0.8,Ready
A0777,2024-12-31,0.86,0.71,0.21,0.68,0.77,Ready
A0778,2024-12-31,0.82,0.67,0.11,0.78,0.78,Ready
A0779,2024-12-31,0.87,0.61,0.22,0.74,0.75,Ready
A0780,2024-12-31,0.87,0.73,0.24,0.78,0.79,Ready
A0781,2024-12-31,0.86,0.7,0.23,0.67,0.77,Ready
A0782,2024-12-31,0.84,0.74,0.15,0.68,0.79,Ready
A0783,2024-12-31,0.87,0.75,0.11,0.69,0.81,Ready
A0784,2024-12-31,0.85,0.77,0.23,0.65,0.78,Ready
A0785,2024-12-31,0.87,0.76,0.18,0.78,0.81,Ready
A0786,2024-12-31,0.89,0.58,0.28,0.71,0.74,Monitor
A0787,2024-12-31,0.8,0.73,0.15,0.86,0.8,Ready
A0788,2024-12-31,0.85,0.65,0.29,0.83,0.76,Ready
A0789,2024-12-31,0.82,0.68,0.25,0.86,0.77,Ready
A0790,2024-12-31,0.82,0.67,0.13,0.87,0.79,Ready
A0791,2024-12-31,0.88,0.69,0.25,0.74,0.78,Ready
A0792,2024-12-31,0.85,0.65,0.3,0.73,0.74,Monitor
A0793,2024-12-31,0.82,0.66,0.09,0.69,0.77,Ready
A0794,2024-12-31,0.86,0.81,0.2,0.9,0.84,Ready
A0795,2024-12-31,0.88,0.72,0.21,0.67,0.78,Ready
A0796,2024-12-31,0.86,0.77,0.14,0.77,0.82,Ready
A0797,2024-12-31,0.86,0.79,0.21,0.9,0.83,Ready
A0798,2024-12-31,0.88,0.78,0.13,0.8,0.84,Ready
A0799,2024-12-31,0.84,0.75,0.22,0.68,0.78,Ready
A0800,2024-12-31,0.87,0.84,0.19,0.8,0.84,Ready
A0801,2024-12-31,0.87,0.78,0.18,0.7,0.81,Ready
A0802,2024-12-31,0.88,0.74,0.1,0.84,0.84,Ready
A0803,2024-12-31,0.85,0.67,0.29,0.77,0.76,Ready
A0804,2024-12-31,0.8,0.73,0.21,0.77,0.77,Ready
A0805,2024-12-31,0.89,0.69,0.17,0.86,0.81,Ready
A0806,2024-12-31,0.89,0.69,0.13,0.65,0.79,Ready
A0807,2024-12-31,0.84,0.67,0.17,0.82,0.78,Ready
A0808,2024-12-31,0.89,0.83,0.19,0.81,0.84,Ready
A0809,2024-12-31,0.86,0.74,0.22,0.75,0.79,Ready
A0810,2024-12-31,0.86,0.71,0.09,0.72,0.8,Ready
A0811,2024-12-31,0.83,0.74,0.09,0.78,0.81,Ready
A0812,2024-12-31,0.87,0.73,0.16,0.79,0.81,Ready
A0813,2024-12-31,0.84,0.72,0.39,0.79,0.75,Ready
A0814,2024-12-31,0.84,0.68,0.31,0.7,0.74,Monitor
A0815,2024-12-31,0.86,0.57,0.32,0.89,0.74,Monitor
A0816,2024-12-31,0.9,0.76,0.18,0.7,0.81,Ready
A0817,2024-12-31,0.86,0.7,0.12,0.73,0.8,Ready
A0818,2024-12-31,0.87,0.76,0.34,0.8,0.78,Ready
A0819,2024-12-31,0.86,0.82,0.19,0.8,0.83,Ready
A0820,2024-12-31,0.8,0.78,0.09,0.79,0.81,Ready
A0821,2024-12-31,0.84,0.77,0.24,0.9,0.81,Ready
A0822,2024-12-31,0.86,0.66,0.1,0.82,0.8,Ready
A0823,2024-12-31,0.84,0.64,0.19,0.86,0.78,Ready
A0824,2024-12-31,0.86,0.77,0.22,0.71,0.79,Ready
A0825,2024-12-31,0.85,0.68,0.21,0.89,0.79,Ready
A0826,2024-12-31,0.85,0.72,0.21,0.72,0.78,Ready
A0827,2024-12-31,0.85,0.65,0.24,0.71,0.75,Ready
A0828,2024-12-31,0.87,0.82,0.18,0.77,0.83,Ready
A0829,2024-12-31,0.87,0.83,0.3,0.82,0.82,Ready
A0830,2024-12-31,0.81,0.66,0.21,0.72,0.75,Ready
A0831,2024-12-31,0.87,0.79,0.24,0.88,0.83,Ready
A0832,2024-12-31,0.86,0.77,0.09,0.77,0.83,Ready
A0833,2024-12-31,0.89,0.7,0.18,0.78,0.8,Ready
A0834,2024-12-31,0.86,0.74,0.18,0.85,0.81,Ready
A0835,2024-12-31,0.83,0.62,0.13,0.71,0.76,Ready
A0836,2024-12-31,0.86,0.76,0.26,0.85,0.8,Ready
A0837,2024-12-31,0.84,0.76,0.12,0.67,0.8,Ready
A0838,2024-12-31,0.87,0.79,0.19,0.7,0.81,Ready
A0839,2024-12-31,0.85,0.74,0.39,0.86,0.77,Ready
A0840,2024-12-31,0.82,0.78,0.18,0.87,0.82,Ready
A0841,2024-12-31,0.89,0.76,0.11,0.65,0.82,Ready
A0842,2024-12-31,0.86,0.63,0.16,0.7,0.76,Ready
A0843,2024-12-31,0.85,0.79,0.22,0.73,0.8,Ready
A0844,2024-12-31,0.87,0.75,0.19,0.76,0.81,Ready
A0845,2024-12-31,0.83,0.75,0.12,0.8,0.81,Ready
A0846,2024-12-31,0.84,0.71,0.21,0.78,0.78,Ready
A0847,2024-12-31,0.91,0.74,0.32,0.7,0.78,Ready
A0848,2024-12-31,0.84,0.76,0.25,0.88,0.8,Ready
A0849,2024-12-31,0.88,0.7,0.13,0.76,0.81,Ready
A0850,2024-12-31,0.89,0.78,0.15,0.8,0.84,Ready
A0851,2024-12-31,0.86,0.72,0.25,0.69,0.77,Ready
A0852,2024-12-31,0.9,0.84,0.24,0.71,0.83,Ready
A0853,2024-12-31,0.86,0.65,0.2,0.66,0.76,Ready
A0854,2024-12-31,0.87,0.67,0.17,0.74,0.78,Ready
A0855,2024-12-31,0.86,0.66,0.16,0.79,0.79,Ready
A0856,2024-12-31,0.89,0.64,0.32,0.66,0.74,Monitor
A0857,2024-12-31,0.86,0.6,0.32,0.74,0.73,Monitor
A0858,2024-12-31,0.84,0.77,0.09,0.66,0.81,Ready
A0859,2024-12-31,0.85,0.66,0.08,0.82,0.8,Ready
A0860,2024-12-31,0.87,0.67,0.4,0.78,0.74,Monitor
A0861,2024-12-31,0.86,0.73,0.17,0.69,0.79,Ready
A0862,2024-12-31,0.81,0.62,0.2,0.86,0.76,Ready
A0863,2024-12-31,0.88,0.86,0.34,0.68,0.8,Ready
A0864,2024-12-31,0.87,0.74,0.12,0.85,0.83,Ready
A0865,2024-12-31,0.82,0.73,0.29,0.81,0.77,Ready
A0866,2024-12-31,0.89,0.67,0.32,0.74,0.76,Ready
A0867,2024-12-31,0.8,0.82,0.11,0.72,0.81,Ready
A0868,2024-12-31,0.83,0.86,0.21,0.68,0.81,Ready
A0869,2024-12-31,0.85,0.66,0.16,0.69,0.77,Ready
A0870,2024-12-31,0.82,0.63,0.19,0.79,0.76,Ready
A0871,2024-12-31,0.88,0.74,0.21,0.84,0.81,Ready
A0872,2024-12-31,0.87,0.75,0.1,0.87,0.84,Ready
A0873,2024-12-31,0.85,0.73,0.17,0.81,0.8,Ready
A0874,2024-12-31,0.85,0.59,0.34,0.76,0.72,Monitor
A0875,2024-12-31,0.87,0.69,0.23,0.67,0.77,Ready
A0876,2024-12-31,0.82,0.68,0.19,0.69,0.76,Ready
A0877,2024-12-31,0.9,0.69,0.16,0.71,0.8,Ready
A0878,2024-12-31,0.81,0.7,0.2,0.7,0.76,Ready
A0879,2024-12-31,0.85,0.72,0.22,0.84,0.8,Ready
A0880,2024-12-31,0.88,0.65,0.16,0.85,0.8,Ready
A0881,2024-12-31,0.84,0.73,0.22,0.86,0.8,Ready
A0882,2024-12-31,0.83,0.84,0.17,0.74,0.82,Ready
A0883,2024-12-31,0.88,0.6,0.19,0.81,0.77,Ready
A0884,2024-12-31,0.84,0.76,0.18,0.69,0.79,Ready
A0885,2024-12-31,0.9,0.69,0.09,0.84,0.83,Ready
A0886,2024-12-31,0.88,0.71,0.3,0.88,0.79,Ready
A0887,2024-12-31,0.87,0.74,0.15,0.69,0.8,Ready
A0888,2024-12-31,0.87,0.71,0.13,0.68,0.79,Ready
A0889,2024-12-31,0.86,0.67,0.16,0.89,0.8,Ready
A0890,2024-12-31,0.85,0.77,0.23,0.85,0.81,Ready
A0891,2024-12-31,0.85,0.69,0.14,0.76,0.79,Ready
A0892,2024-12-31,0.89,0.69,0.2,0.77,0.79,Ready
A0893,2024-12-31,0.85,0.62,0.21,0.69,0.74,Monitor
A0894,2024-12-31,0.89,0.71,0.19,0.66,0.79,Ready
A0895,2024-12-31,0.82,0.75,0.27,0.83,0.78,Ready
A0896,2024-12-31,0.89,0.73,0.22,0.83,0.81,Ready
A0897,2024-12-31,0.82,0.73,0.25,0.85,0.78,Ready
A0898,2024-12-31,0.8,0.67,0.25,0.67,0.73,Monitor
A0899,2024-12-31,0.84,0.71,0.2,0.73,0.78,Ready
A0900,2024-12-31,0.83,0.63,0.22,0.75,0.75,Ready
A0901,2024-12-31,0.88,0.69,0.25,0.72,0.77,Ready
A0902,2024-12-31,0.84,0.8,0.22,0.67,0.79,Ready
A0903,2024-12-31,0.86,0.69,0.29,0.88,0.78,Ready
A0904,2024-12-31,0.84,0.58,0.24,0.79,0.74,Monitor
A0905,2024-12-31,0.8,0.72,0.23,0.87,0.78,Ready
A0906,2024-12-31,0.84,0.68,0.16,0.67,0.77,Ready
A0907,2024-12-31,0.88,0.68,0.16,0.88,0.81,Ready
A0908,2024-12-31,0.86,0.82,0.22,0.68,0.8,Ready
A0909,2024-12-31,0.84,0.77,0.29,0.66,0.77,Ready
A0910,2024-12-31,0.85,0.82,0.2,0.74,0.81,Ready
A0911,2024-12-31,0.89,0.64,0.25,0.78,0.77,Ready
A0912,2024-12-31,0.86,0.7,0.25,0.8,0.78,Ready
A0913,2024-12-31,0.83,0.62,0.21,0.7,0.74,Monitor
A0914,2024-12-31,0.85,0.79,0.24,0.86,0.82,Ready
A0915,2024-12-31,0.84,0.78,0.15,0.69,0.8,Ready
A0916,2024-12-31,0.85,0.69,0.21,0.69,0.77,Ready
A0917,2024-12-31,0.88,0.78,0.18,0.66,0.8,Ready
A0918,2024-12-31,0.88,0.74,0.25,0.73,0.79,Ready
A0919,2024-12-31,0.83,0.71,0.09,0.8,0.81,Ready
A0920,2024-12-31,0.85,0.7,0.29,0.78,0.77,Ready
A0921,2024-12-31,0.86,0.78,0.08,0.84,0.84,Ready
A0922,2024-12-31,0.86,0.69,0.18,0.75,0.78,Ready
A0923,2024-12-31,0.88,0.8,0.27,0.67,0.79,Ready
A0924,2024-12-31,0.85,0.71,0.29,0.68,0.75,Ready
A0925,2024-12-31,0.9,0.75,0.11,0.75,0.83,Ready
A0926,2024-12-31,0.9,0.68,0.15,0.74,0.8,Ready
A0927,2024-12-31,0.77,0.73,0.22,0.89,0.78,Ready
A0928,2024-12-31,0.88,0.8,0.27,0.79,0.81,Ready
A0929,2024-12-31,0.85,0.62,0.1,0.7,0.77,Ready
A0930,2024-12-31,0.84,0.78,0.25,0.66,0.78,Ready
A0931,2024-12-31,0.87,0.74,0.18,0.79,0.81,Ready
A0932,2024-12-31,0.86,0.66,0.14,0.82,0.79,Ready
A0933,2024-12-31,0.87,0.72,0.19,0.69,0.79,Ready
A0934,2024-12-31,0.87,0.73,0.11,0.66,0.8,Ready
A0935,2024-12-31,0.85,0.73,0.24,0.69,0.77,Ready
A0936,2024-12-31,0.85,0.68,0.15,0.72,0.78,Ready
A0937,2024-12-31,0.89,0.61,0.21,0.86,0.78,Ready
A0938,2024-12-31,0.86,0.77,0.16,0.68,0.8,Ready
A0939,2024-12-31,0.86,0.67,0.13,0.82,0.8,Ready
A0940,2024-12-31,0.84,0.65,0.29,0.77,0.75,Ready
A0941,2024-12-31,0.85,0.66,0.11,0.71,0.78,Ready
A0942,2024-12-31,0.9,0.7,0.16,0.65,0.79,Ready
A0943,2024-12-31,0.83,0.78,0.19,0.89,0.82,Ready
A0944,2024-12-31,0.84,0.71,0.25,0.7,0.76,Ready
A0945,2024-12-31,0.88,0.7,0.17,0.73,0.79,Ready
A0946,2024-12-31,0.84,0.75,0.29,0.87,0.79,Ready
A0947,2024-12-31,0.85,0.75,0.34,0.66,0.75,Ready
A0948,2024-12-31,0.84,0.78,0.1,0.81,0.83,Ready
A0949,2024-12-31,0.87,0.74,0.26,0.79,0.79,Ready
A0950,2024-12-31,0.86,0.78,0.18,0.79,0.82,Ready
A0951,2024-12-31,0.83,0.66,0.09,0.76,0.78,Ready
A0952,2024-12-31,0.84,0.7,0.09,0.89,0.82,Ready
A0953,2024-12-31,0.9,0.73,0.2,0.78,0.81,Ready
A0954,2024-12-31,0.84,0.71,0.1,0.79,0.81,Ready
A0955,2024-12-31,0.84,0.61,0.27,0.86,0.75,Ready
A0956,2024-12-31,0.86,0.65,0.12,0.77,0.79,Ready
A0957,2024-12-31,0.91,0.74,0.25,0.7,0.8,Ready
A0958,2024-12-31,0.93,0.72,0.1,0.8,0.84,Ready
A0959,2024-12-31,0.9,0.66,0.2,0.73,0.78,Ready
A0960,2024-12-31,0.8,0.74,0.22,0.66,0.76,Ready
A0961,2024-12-31,0.91,0.7,0.29,0.86,0.8,Ready
A0962,2024-12-31,0.81,0.78,0.1,0.73,0.81,Ready
A0963,2024-12-31,0.87,0.8,0.15,0.75,0.83,Ready
A0964,2024-12-31,0.86,0.66,0.24,0.84,0.78,Ready
A0965,2024-12-31,0.86,0.7,0.3,0.88,0.78,Ready
A0966,2024-12-31,0.86,0.65,0.19,0.76,0.77,Ready
A0967,2024-12-31,0.87,0.77,0.2,0.74,0.81,Ready
A0968,2024-12-31,0.88,0.78,0.16,0.69,0.81,Ready
A0969,2024-12-31,0.84,0.75,0.16,0.66,0.79,Ready
A0970,2024-12-31,0.84,0.63,0.15,0.75,0.77,Ready
A0971,2024-12-31,0.8,0.63,0.25,0.75,0.73,Monitor
A0972,2024-12-31,0.84,0.72,0.33,0.84,0.77,Ready
A0973,2024-12-31,0.84,0.78,0.25,0.74,0.79,Ready
A0974,2024-12-31,0.87,0.81,0.23,0.74,0.81,Ready
A0975,2024-12-31,0.85,0.69,0.24,0.69,0.76,Ready
A0976,2024-12-31,0.88,0.72,0.21,0.73,0.79,Ready
A0977,2024-12-31,0.87,0.64,0.24,0.7,0.75,Ready
A0978,2024-12-31,0.78,0.73,0.25,0.8,0.76,Ready
A0979,2024-12-31,0.87,0.77,0.32,0.78,0.79,Ready
A0980,2024-12-31,0.84,0.75,0.14,0.77,0.81,Ready
A0981,2024-12-31,0.81,0.64,0.21,0.85,0.76,Ready
A0982,2024-12-31,0.85,0.66,0.12,0.8,0.79,Ready
A0983,2024-12-31,0.9,0.67,0.13,0.78,0.81,Ready
A0984,2024-12-31,0.85,0.84,0.15,0.71,0.83,Ready
A0985,2024-12-31,0.85,0.64,0.13,0.76,0.78,Ready
A0986,2024-12-31,0.86,0.6,0.24,0.77,0.75,Ready
A0987,2024-12-31,0.87,0.75,0.19,0.85,0.82,Ready
A0988,2024-12-31,0.85,0.68,0.33,0.85,0.76,Ready
A0989,2024-12-31,0.84,0.58,0.09,0.7,0.76,Ready
A0990,2024-12-31,0.82,0.71,0.15,0.85,0.8,Ready
A0991,2024-12-31,0.82,0.73,0.08,0.68,0.79,Ready
A0992,2024-12-31,0.88,0.68,0.13,0.87,0.82,Ready
A0993,2024-12-31,0.82,0.71,0.25,0.78,0.77,Ready
A0994,2024-12-31,0.85,0.67,0.22,0.89,0.79,Ready
A0995,2024-12-31,0.84,0.75,0.28,0.73,0.77,Ready
A0996,2024-12-31,0.83,0.69,0.2,0.74,0.77,Ready
A0997,2024-12-31,0.83,0.74,0.15,0.86,0.81,Ready
A0998,2024-12-31,0.85,0.7,0.14,0.89,0.81,Ready
A0999,2024-12-31,0.89,0.73,0.24,0.72,0.79,Ready
A1000,2024-12-31,0.85,0.78,0.09,0.68,0.82,Ready
